{"cameraMode":{"drawMode":0,"name":"Shaded","section":"Shading Mode"},"sceneLighting":false,"audioPlay":false,"sceneViewState":{"showFog":true,"showMaterialUpdate":false,"showSkybox":false,"showFlares":true,"showImageEffects":true,"showParticleSystems":true},"in2DMode":false,"pivot":{"x":-0.3441043496131897,"y":-0.23800022900104524,"z":-0.018591927364468576},"rotation":{"x":-0.23401689529418946,"y":-0.14173904061317445,"z":0.03450731560587883,"w":-0.9612260460853577},"size":0.09991220384836197,"orthographic":false}